{"accuracy": [0.5800127983093262, 0.8555373549461365, 0.9115726351737976, 0.9378618597984314, 0.9542072415351868, 0.9627711772918701, 0.970339298248291, 0.9747350215911865, 0.9786613583564758, 0.9812504649162292], "loss": [1.4317063093185425, 0.45943090319633484, 0.27524107694625854, 0.18974262475967407, 0.14074401557445526, 0.1120762974023819, 0.09059787541627884, 0.07784166932106018, 0.06487070769071579, 0.05725172162055969], "val_accuracy": [0.824550449848175, 0.886865496635437, 0.9340428113937378, 0.9348395466804504, 0.9454814195632935, 0.9438880085945129, 0.9496358036994934, 0.9594240784645081, 0.9556112289428711, 0.959537923336029], "val_loss": [0.5447460412979126, 0.3495408296585083, 0.20223075151443481, 0.20642411708831787, 0.17503419518470764, 0.18373559415340424, 0.16375724971294403, 0.1436104029417038, 0.14720705151557922, 0.14520558714866638]}